<?xml version="1.0" encoding="UTF-8"?>
<themeInfo>
	<theme_res id="US">
		<name>eUI</name>
                <themeOrder>0</themeOrder>
                <isDefaultTheme>1</isDefaultTheme>
                <themeId>1000</themeId>
	</theme_res>
	<theme_res id="CN">
		<name>eUI</name>
                <themeOrder>0</themeOrder>
                <isDefaultTheme>1</isDefaultTheme>
                <themeId>1000</themeId>
	</theme_res>
        <theme_res id="TW">
		<name>eUI</name>
                <themeOrder>0</themeOrder>
                <isDefaultTheme>1</isDefaultTheme>
                <themeId>1000</themeId>
	</theme_res>
        
</themeInfo>
